Doc_ID,Date,Headline,Content,gold_cause,gold_effect,gold_cause_effect_summary,gold_relevance_score
"Stocks,",22 April 2025,"Stocks, Dollar Nosedive As Trump Flogs Fed --- Dow index falls 972 as president's swipes at Powell exacerbate
investors' tariff fears ................................................................................................................................................. 5
Markets: Dow Nears the Worst April Since 1932 ..................................................................................................... 8
Trump's Trade Offensive Hits America's Financial Primacy --- Rising volatility and dollar weakness raise fears of
a financial shift away... ........................................................................................................................................... 10
The Lesson of Trump vs. Powell ............................................................................................................................ 13
Dow Industrials Sink 700 Points --- Shares of Nvidia, AMD drop on new curbs on exports to China, Powell talk .....
14
U.S. News -- Capital Account: Fed Independence at Stake in Court Case............................................................ 16
We Should Measure Prices in Time ....................................................................................................................... 18
Trump Throws Another Hail Mary .......................................................................................................................... 20
Stocks' Wild Week Ends in the Green.................................................................................................................... 22
OFF DUTY --- Eating & Drinking: How Butter Got Better --- Not long ago, supermarket butter options were fairly
pedestrian. The choices have... ............................................................................................................................. 24
U.S. News -- Capital Account: Markets' Message: U.S. No Longer Safe............................................................... 28
Trade-War Jitters Batter Stocks --- Dow industrials, S&P 500 give back some gains from Wednesday's rally.........
31
World News: Congo's Neighbors Smuggle Out Its Riches as War Rages --- Country struggles to prevent Rwanda
and Uganda from seizing gold................................................................................................................................ 33
Market Carnage Worsens --- Dow plunges 2,200, Nasdaq enters bear territory after China counters U.S. tariffs.....
36
What the Trump Dollar Plunge Means ................................................................................................................... 39
Tariff Fallout: Global Economic Order Gets Reshuffled --- Trump's tariff move risks pushing nations, including the
U.S., to the brink of................................................................................................................................................. 40
Stock Futures Fall After Tariffs Unveiled................................................................................................................ 42
Ultra-Luxe Food Cravings Sustain Supplier ........................................................................................................... 44
Streetwise: Prepare a Portfolio for the Next Market Mess ..................................................................................... 46
S&P, Nasdaq Log Worst Quarter Since '22 --- Trade fight, flagging tech appeal push investors overseas; big
Monday rebound .................................................................................................................................................... 49
Investors Flock to Gold Amid Policy Jitters ............................................................................................................ 52
EXCHANGE --- Markets & Finance -- Friday's Markets: Stocks Skid on Inflation Data......................................... 54
Gold Road CEO Says Price Stopped Deal --- Gold Fields' rejected offer for Australian miner comes as the yellow
metal surges........................................................................................................................................................... 56
Australia's Gold Road Turns Down $2.1 Billion Offer From Gold Fields ................................................................ 58
Longtime Fans of U.S. Stocks Are Parking Money Elsewhere --- Global investors hedge their bets on trade war,
shifts in Washington policy ..................................................................................................................................... 60
U.S. News: Fight Is On Over N.Y. Chinatown's Future --- Some residents are trying to fend off plans for jail tower,
homeless shelter .................................................................................................................................................... 63
EXCHANGE --- Markets & Finance -- Commodities: Gold Prices Rise for Third Week In a Row.......................... 66
Markets & Finance -- Thursday's Markets: Stocks End Lower After Rate Optimism Wanes ................................. 67
Markets Rally as Fed Keeps Rates Steady --- Investors find hope in policy outlook despite central bank's lower
GDP forecast.......................................................................................................................................................... 68
Revisiting Trump's Case for a Crypto Reserve ...................................................................................................... 70
Business & Finance................................................................................................................................................ 71
EXCHANGE --- Markets & Finance -- Commodities: Investors' Search for Safety Pushes Gold Above $3,000 for
First Time................................................................................................................................................................ 72
EXCHANGE --- Markets & Finance -- Friday's Markets: Broad Rally Boosts Markets --- Friday's increase capped
a volatile and otherwise poor.................................................................................................................................. 74
S&P 500 Slips Into a Correction --- Inflation concerns, tariff threats extend three major indexes' sharp declines.....
76
Wary Investors Play Defense In Switch to Dividend Stocks................................................................................... 78
Investors' Worry Over Growth Brings 'Recession Trade' Back .............................................................................. 81
Two Titans Battle For Crypto's Future --- Stakes are high in Tether and Circle's fight over how to regulate coins ...
83
USDA Chief: My Plan to Lower Egg Prices............................................................................................................ 87
Dignity Dies At This Conference --- Annual gathering turns suits into snack vultures ........................................... 89
U.S. News: Musk Is Considering Audit of Federal Reserve ................................................................................... 91
EXCHANGE --- Finance & Markets -- Friday's Markets: S&P 500 Falls Short of Record...................................... 92
In a New Gold Rush, Banks Fly Bars to U.S. ......................................................................................................... 94
Nasdaq Slips and Bond Yields Rise....................................................................................................................... 97
EXCHANGE --- Markets & Finance -- Friday's Markets: Markets End Week Down on Tariff Fears...................... 98
A Yearlong Discount at Applebee's Tests a Family's Commitment --- North Dakota couple used menu hacks and
road trips to get the full value... ............................................................................................................................ 100
EXCHANGE --- Markets & Finance -- Friday's Markets: Indexes Notch January Gains Despite Bumps --- Stocks
rose even as fears over tariffs... ........................................................................................................................... 102
REVIEW --- Books -- Five Best: Of High and Low Finance: Alok Sama --- The author of 'The Money Trap: Lost
Illusions Inside the Tech Bubble'.......................................................................................................................... 104
Markets & Finance -- Thursday's Markets: Stocks Waver After Tariff Threats --- Trump's promise of 25% levies
weighed on U.S. shares in... ................................................................................................................................ 106
Demand for Safe Assets Drives Gold to High ...................................................................................................... 107
How Much Do Tariffs Matter?............................................................................................................................... 109
Inside View: Trump Tariffs Are a Wealth Killer..................................................................................................... 111
REVIEW --- Bill Gates: I Coded While I Hiked as a Teenager. Was I On the Spectrum? Probably. --- In an
exclusive excerpt from his new memo... .............................................................................................................. 113
EXCHANGE --- The Wild Bitcoin Bet That's Making One Man Billions --- MicroStrategy shares are up 650% in the
past year as big investors buy in .......................................................................................................................... 118
REVIEW --- Books: The Rise of the Fed --- In its earliest years, the Federal Reserve's mission was to help small
financial instituti... ................................................................................................................................................. 121
EXCHANGE --- The Intelligent Investor: How to See Through Wall Street's Annual Charade ............................ 123
Declarations: Can Trump Bring Hope, and Biden Wisdom? ................................................................................ 125
Your Fancy New ETF Might Be a Bit Too Fancy --- Exchange-traded funds have mostly been great investments,
but they are getting more complex... .................................................................................................................... 127
Year-End Review & Outlook: Markets & Finance --- Wall Street Expects Gold to Glitter in 2025: After strong gains
in 2024, big banks forecast... ............................................................................................................................... 129
Stocks Set for Best 2 Years Since '90s --- Interest-rate levels create doubts that market can maintain sizzling
pace of 2024......................................................................................................................................................... 131
How the SMU Mustangs Came Back From the Dead .......................................................................................... 134
EXCHANGE --- The Great Unblonding Is Here.................................................................................................... 136
Dow, S&P, Nasdaq Drop Sharply --- Blue chips' 2.6% fall is worst since August after Fed casts doubt on future
rate cuts................................................................................................................................................................ 137
Business News: Costco Profit Rises After Fee Increase...................................................................................... 139
Markets & Finance -- Thursday's Markets: Stock Indexes Slip in Quiet Trading --- Investors weigh producer-price
figures; Fed cut still... ........................................................................................................................................... 140
MANSION --- My Kind of Town, Chicago Ain't --- Ken Griffin and other wealthy homeowners in the Windy City are
selling at a loss -- and ... ...................................................................................................................................... 141
Markets & Finance -- Thursday's Markets: Indexes Pull Back From Their Highs ................................................ 144
The Bitcoin Boom and Easy Money ..................................................................................................................... 146
U.S. News -- Capital Account: Trump Is Rethinking Economic Power................................................................. 148
The Desktop Computer Is Robinhood's New Tech Bet........................................................................................ 150
Saudi Dominance On Oil Diminishes ................................................................................................................... 152
Business News: At Harry & David, Effort Bears Fruit........................................................................................... 154
Trump Should Challenge the Fed's Policies......................................................................................................... 155
Crypto Firm Has Friend in Commerce Pick.......................................................................................................... 157
Inside Veiw: The Market's Mixed Signals............................................................................................................. 161
Streetwise: Inflation Protection Won't Be Simple ................................................................................................. 163
EXCHANGE --- How the Big Gulp Wound Up in a $47 Billion Takeover Battle --- 7-Eleven is at the center of a
bidding war between would-be............................................................................................................................. 165
Miners Turn to Junk to Feed Copper Demand ..................................................................................................... 169
EXCHANGE --- Streetwise: Is Trump Really So Great for Bitcoin? --- The election sent the cryptocurrency
soaring. The reasons for the rally......................................................................................................................... 172
EXCHANGE --- Heard on the Street: No One Can Afford To Sell Their Home --- It's mostly older homeowners
who are in a position to take................................................................................................................................. 174
How Inflation Ended Neoliberalism ...................................................................................................................... 176
REVIEW --- Books: A Race for the Right Idea --- Economic growth is often driven by breakthroughs, but also
requires slow and steady progress....................................................................................................................... 179
REVIEW --- Play: News Quiz ............................................................................................................................... 181
U.S. News: U.S. Watch ........................................................................................................................................ 184
Markets & Finance -- Monday's Markets: Dow Closes Above 44000 Level As Bitcoin Surges Past $87,000 ...........
186
Dow Logs Biggest Gain Since 2022 as Outcome Stirs Investors' Hopes............................................................. 187
Streetwise: 'Trump Trade' Isn't What You Think .................................................................................................. 189
Investing Monthly (A Special Report) --- The Best Way to Start Investing in Commodities: Market experts say a
small allocation can provide... .............................................................................................................................. 192
EXCHANGE --- Markets & Finance -- Friday's Markets: Dow Industrials, S&P 500 Hit New Highs .................... 194
The Weekend Interview with Donald Trump: Trump Tangles With the Journal's Editors..................................... 196
U.S. News: Big Oil Appeals to Trump To Retain Climate Law --- Biden's Inflation Reduction Act is potentially
worth billions to industry ....................................................................................................................................... 199
World News: Mexican Cartels Covet Ever-Deadlier Guns --- 'Gucci bag' to 'goat's horn': a guide to the weapons
being sneaked into Mexico................................................................................................................................... 201
Stocks Fall, Oil Prices Rise On Attacks................................................................................................................ 204
Inflation Dents Value Of Credit-Card Points......................................................................................................... 205
A Job at Boeing Isn't the Ticket That It Used to Be.............................................................................................. 207
EXCHANGE --- Heard on the Street: Silver Is Having A Golden Moment ........................................................... 210
EXCHANGE --- Markets & Finance -- Friday's Markets: Dow Rises to Record on Inflation Data........................ 212
Dow Falls as Chinese Stocks Rally...................................................................................................................... 214
History Is on Side of Rate Cuts --- Stocks, corporate bonds, gold tend to perform well after Fed eases credit.........
215
REVIEW --- Who's Responsible for America's Peanut Allergy Epidemic? --- By recommending that children avoid
exposure to peanuts until age 3... ........................................................................................................................ 217
Stocks Rally Globally in Shift To Technology, Riskier Assets .............................................................................. 219
Stocks, Dollar Nosedive As Trump Flogs Fed --- Dow index falls 972 as president's swipes at Powell exacerbate investors' tariff fears
Stocks, Dollar Nosedive As Trump Flogs Fed --- Dow index falls 972 as president's swipes at Powell
exacerbate investors' tariff fears","The Wall Street Journal J A1 English Copyright 2025 Dow Jones & Company, Inc. All Rights Reserved. The stock market plunged and the dollar hit fresh lows against major currencies on Monday, after President Trump renewed his attacks on the Federal Reserve and intensified the ""sell America"" trade. The president's renewed threats to fire Fed Chair Jerome Powell, whose term doesn't expire for another year, exacerbated turmoil wrought by the administration's trade restrictions. Trump demanded on Monday lower interest rates in a post on social media, saying that the economy could slow ""unless Mr. Too Late, a major loser, lowers interest rates, NOW."" Trump himself nominated Powell as Fed chair during his first term. The Dow Jones Industrial Average dropped nearly 972 points Monday and is on pace for its worst April since 1932. The dollar hit fresh multiyear lows against the euro and other major currencies. Yields on longer-term Treasurys, which rise when bond prices fall, climbed. Oil prices slid. Gold hit a record. After the markets closed in the U.S., stock futures rose, while Asian stocks were slightly lower. Threats to Powell's job marked a new source of uncertainty for investors, who said eroding confidence in the independence of the U.S. central bank could deal a significant blow to the value of stocks, bonds and the dollar. While Trump made similar threats against the Fed in his prior term, investors now worry that Trump's tariffs could rekindle pandemic-era inflation, requiring the central bank to keep rates higher, not lower. Some worry that recent declines in stocks, bonds and the dollar -- which has become known as the sell America trade -- point to a shift in capital flows that undermines the U.S.'s longstanding primacy in global markets. ""It is concerning,"" said Carol Schleif, chief market strategist at BMO Private Wealth, of the broad-based declines. ""The bigger issue people are trying to assess: Is the bloom truly off the U.S. exceptionalism trade just in the short run, or is it going to be an intermediate or longer-term factor?"" The Dow industrials fell by 2.5%, the S&P 500 lost 2.4%, and the Nasdaq Composite shed about 2.6%. Investors sold tech stocks and shares of companies that make goods like electronics or clothing that consumers tend to cut back on when times get tough. Particularly hard-hit were the so-called Magnificent Seven tech companies that had helped power major indexes higher in recent years. Nvidia lost 4.5% and was among the biggest decliners in the blue-chip index. Amazon.com fell 3.1%. The past few months have been particularly punishing for Tesla, which fell around 5.8% Monday. Its shares have now erased all of their postelection gains and have plummeted 44% in 2025 so far. On Monday, Tesla dropped outside of the largest 10 U.S. companies by market value for the first time since June 2024. The electric-vehicle maker is grappling with slower sales and a damaged brand, with Chief Executive Elon Musk's prominent role in the Trump administration alienating some customers. The company is set to report earnings Tuesday. Analysts are expecting a year-over-year drop in profit, FactSet estimates show. Stocks and other riskier assets had shown some signs of stability last week after Trump announced a 90-day pause on many tariffs. Still, investors remain nervous about the lack of developments in trade negotiations, with some saying calming investors will require substantial progress in a short time. An early set of data from trade bellwether South Korea showed a big drop in exports to the U.S. this month. ""Supposedly, there's been lots of negotiations happening, but there hasn't been any deals announced,"" said RJ Grant, head of global equity trading at Stifel & KBW. ""The longer that drags on, the more there's going to be some angst and anxiety in the markets."" The prospect of Powell's removal by Trump, who wants the Fed to lower rates, extended a recent climb in longer-term Treasury yields. Yields, which rise when bond prices fall, have already been lifted in recent weeks by worries that tariffs will fuel inflation and weaken foreign demand for U.S. debt. On Friday, when markets were closed, National Economic Council Director Kevin Hassett underscored the White House's displeasure with Powell, saying officials were studying his removal. The dollar on hit fresh multiyear lows against most major currencies, including the euro, yen and pound. The WSJ Dollar Index, which measures the dollar against a basket of currencies, fell 0.7% Monday to its lowest level since September. ""It's really hard to get conviction in risk assets when it's really beholden to one person that is making the decisions,"" said John Lloyd, head of multi-sector credit strategies at Janus Henderson. Investors searching for safety in the market turmoil piled into gold. The precious metal touched a fresh record, settling above $3,400 a troy ounce for the first time. And some traders are wagering on the surge to continue, rushing into options bets that would likely pay out if gold prices kept rising. Trading in call options tied to one of the largest gold exchange-traded funds -- trades that give the right to buy shares at a given price, by a stated date -- surged to an all-time high late last week. There were a handful of winners in the stock market, too. Dollar General added 2.7%. Netflix rose 1.5% after the streaming giant last Thursday posted a better-than-expected earnings report. Shares of Capital One Financial rose 1.5% after the credit-card issuer's $35 billion acquisition of Discover Financial Services got the greenlight from bank regulators on Friday. Discover gained 3.6%.","Investors searching for safety in market turmoil || Trading in call options tied to one of the largest gold exchange-traded funds surged to an all-time high late last week. || The precious metal touched a fresh record, settling above $3,400 a troy ounce for the first time.","piled into gold || some traders are wagering on the surge to continue, rushing into options bets that would likely pay out if gold prices kept rising. || gold hit a record","Cause: Investors searching for safety in market turmoil --> Effect: piled into gold || Cause: Trading in call options tied to one of the largest gold exchange-traded funds surged to an all-time high late last week. --> Effect: some traders are wagering on the surge to continue, rushing into options bets that would likely pay out if gold prices kept rising. || Cause: The precious metal touched a fresh record, settling above $3,400 a troy ounce for the first time. --> Effect: gold hit a record",0.7857
J000000020250422el4m0001k,22 April 2025,"J000000020250422el4m0001k
Markets: Dow Nears the Worst April Since 1932
Markets: Dow Nears the Worst April Since 1932","The Wall Street Journal J B11 English Copyright 2025 Dow Jones & Company, Inc. All Rights Reserved. The Trump rout is taking on historic dimensions. The Dow Jones Industrial Average shed almost 1,000 points on Monday and is headed for its worst April performance since 1932, according to Dow Jones Market Data. The S&P 500 index's performance since Inauguration Day is now the worst for any presidential term on record in data going back to 1928, according to Bespoke Investment Group. Worries about trade restrictions and the prospect of President Trump firing Federal Reserve Chairman Jerome Powell have investors bracing for greater losses ahead. Corporate earnings reports are rolling in, along with executives' tariff-dented financial outlooks for the months ahead. Few executives think the administration's negotiations with trade partners will yield results soon enough to ease the strain. Meanwhile, counterweights that usually strengthen when stocks fall -- like government bonds and the U.S. dollar -- are also under pressure, leaving investors with few havens to wait out the storm. ""It's the hallmark of the 'no confidence' trade,"" said Scott Ladner, chief investment officer at Horizon Investments. The Charlotte-based firm trimmed its U.S. equity position several weeks ago to favor more international stocks. ""It's impossible to commit capital to an economy that is unstable and unknowable because of policy structure,"" Ladner said. Here is how markets have reacted as threats have multiplied: Stocks In the weeks after Donald Trump's presidential victory, major U.S. stock indexes soared, lifted by investors' hopes for tax cuts and a deregulatory push that could boost corporate earnings. But the administration instead pressed ahead with aggressive tariffs that threaten to raise prices and slow economic growth. Many investors still wrote off the president's threats as mere bluster, a negotiating tactic meant to spur concessions from other countries. That changed on April 2, the day Trump declared ""Liberation Day"" and when he revealed steep tariffs that sent financial markets into a tailspin. Treasurys Markets still haven't recovered -- even after the president rolled back and delayed many of his tariff plans. Typically, bond prices rise when stocks fall, offering a hedge for investors during stock market turmoil. But that hasn't been the case in recent weeks. Yields on 10-year U.S. Treasurys, a key benchmark for borrowing costs, have increased 0.16 percentage point in April. Bond yields rise as prices fall, meaning investors are selling U.S. government bonds -- widely considered one of the safest and most dependable assets -- even when stocks are falling. The dollar Concerns about the economy, along with fears about Trump's growing feud with the Fed, are weighing on the U.S. dollar. The ICE U.S. dollar index, a measure of the dollar against a basket of major currencies, slipped more than 1% on Monday to its lowest level in three years. Gold With other defensive plays falling short, investors have piled into one of oldest hedges there is: gold. Future prices for the precious metal reached another all-time high on Monday. Gold futures gained over 2% from Thursday's settling price to breach $3,400 for the first time. Gold futures have climbed almost 30% since the start of the year. VIX The markets' ""fear gauge"" remains elevated, with worries about the trade war and the broader economy adding up to expectations for more volatility ahead. Sentiment The mood on Wall Street is darkening as a result. Bearishness levels -- or expectations that stock prices will fall -- among ordinary investors have hovered above 50% for eight consecutive weeks, according to a weekly survey from the American Association of Individual Investors. That is the longest-lasting bear majority on record, the investor group said, based on data going back to 1987.","Concerns about trade restrictions and the prospect of President Trump firing Federal Reserve Chairman Jerome Powell have investors bracing for greater losses ahead. || The Dow Jones Industrial Average shed almost 1,000 points on Monday and is headed for its worst April performance since 1932, according to Dow Jones Market Data.","Investors have piled into gold, causing its price to reach another all-time high. || Gold futures have climbed almost 30% since the start of the year.","Cause: Concerns about trade restrictions and the prospect of President Trump firing Federal Reserve Chairman Jerome Powell have investors bracing for greater losses ahead. --> Effect: Investors have piled into gold, causing its price to reach another all-time high. || Cause: The Dow Jones Industrial Average shed almost 1,000 points on Monday and is headed for its worst April performance since 1932, according to Dow Jones Market Data. --> Effect: Gold futures have climbed almost 30% since the start of the year.",0.7891
J000000020250422el4m0000x,21 April 2025,"J000000020250422el4m0000x
Trump's Trade Offensive Hits America's Financial Primacy --- Rising volatility and dollar weakness raise fears of a financial shift away...
Trump's Trade Offensive Hits America's Financial Primacy --- Rising volatility and dollar weakness
raise fears of a financial shift away from U.S.","The Wall Street Journal J A1 English Copyright 2025 Dow Jones & Company, Inc. All Rights Reserved. Financial markets have flashed an ominous message this month about President Trump's ambitious and improvisational bid to reshape global trade: Be careful what you wish for. Volatility in Treasury markets and unexpected weakness in the dollar suggest that what began as a trade conflict could morph into a more dangerous ""capital war."" The clash threatens to raise U.S. borrowing costs by undermining Washington's financial primacy, which for years has drawn trillions of dollars of foreign funds into the country. ""This idea that you can break trade, and not break the capital-flow side, is a fantasy,"" said Steven Blitz, chief U.S. economist at GlobalData TS Lombard. Market volatility spiked after the president unspooled his fluid and unpredictable trade policy on April 2. The White House paused tariff increases on some of the nation's largest trading partners hours after they took effect on April 9, but then ratcheted up tariffs on China. A brutal bond-market selloff unfolded, with 30-year yields notching their largest weekly increase since 1987 despite decent bond auctions. The selloff occurred against the backdrop of a weakening dollar, which normally strengthens during bouts of stress. The abnormal combination prompted some analysts to warn about capital flight from the U.S. Some of the market dislocation reflected hedge funds and other large investors forced to unwind certain trades that became unprofitable. Treasury Secretary Scott Bessent has said the selloff largely reflected technical factors -- how investors' risk-management strategies forced sudden and one-time liquidations as correlations between different assets changed unexpectedly. Some analysts have warned against rushing to sweeping conclusions given how foreign investors began the year overly exuberant about U.S. growth prospects, or American ""exceptionalism."" Trump's trade policy, by threatening to push up costs while uncertainty over the policy execution chills growth, has demolished that narrative. The market volatility in the days after Trump's trade announcements would have been more worrisome if they had occurred against the backdrop of a continued slide in stocks, said Richard Clarida, who served as the Fed's vice chair from 2018 until early 2022. The dollar began the year looking potentially as overvalued as it had been since the 1980s, and Treasury yields remain in the middle of their trading range over the past two years, said Clarida, now a senior adviser at bond giant Pimco. Bessent cautioned against rushing to judgment over one week's worth of market moves and reaffirmed Washington's support for a strong dollar. ""We are still a global reserve currency,"" he said. ""The dollar can go up and down."" But other analysts, economists, and former government officials warned that strained trading conditions might also reflect more-fundamental concerns. ""The behavior of investors changed. Ordinarily they would've bought the dollar in this crisis time, and instead they sold the dollar,"" said Steven Kamin, a former senior Fed economist who is now at the American Enterprise Institute. ""It suggests that maybe investors are getting 'hinky' about the safety of Treasurys or the desirability of dollar assets."" Trump administration officials have previously argued that consumers wouldn't bear the cost of tariff increases because the dollar would strengthen. A weaker dollar makes it more likely that U.S. importers and retailers will have to pass along price rises. In addition to Trump's erratic trade war, global investors are digesting possible increases in budget deficits in the U.S. and Europe and a potential erosion of U.S. monetary-policy independence. Hedge-fund investors said an increasingly popular trade in recent weeks has been to bet on a widening in the spread between short-term and long-term rates on Treasurys because of concerns about higher budget deficits, pressure on the Fed to cut interest rates, and foreign-investor wariness about U.S. debt. Foreigners have said they are unsettled by the prospect of a far-more-transactional approach to trade and currency policy, together with a preference for lower interest rates and higher budget deficits. ""The tariffs are the tip of the iceberg,"" said Ludovic Subran, chief economist and chief investment officer at Allianz, the German insurance giant. ""If the dollar depreciates by 30%, what is the return on your investment in the U.S.? Everybody is doing the math."" In a call with analysts this month, BlackRock Chief Executive Larry Fink said the U.S. could face stiffer competition after benefiting from years of ""over-allocation"" and pointed to Europe as a potential better destination for foreign capital. Ingo Mainert, a multi-asset chief investment officer at Allianz's asset-management arm, said the firm has been shifting to European assets from U.S. ones for the past month. He has fielded client calls over making more-significant reductions in U.S. exposure, including switching away from indices such as the MSCI World Index, which is more than 70% weighted to U.S. stocks. That process could take six months to a year as clients complete formal reviews of their allocations, Mainert said. ""We're now having a big discussion in the market -- mainly outside the U.S. -- about what would be better than these highly concentrated traditional benchmarks,"" he said. Even if market conditions stabilize, a steady, gradual process that diminishes foreign appetites for U.S. assets could have serious ramifications for American households and businesses. Foreign demand for Treasurys has boosted U.S. asset prices and lowered interest rates, including for 30-year mortgages, over the past two decades. Roughly 30% of nearly $29 trillion in Treasury debt held by the public is owned by foreigners, though foreigners' share of Treasury holdings has steadily declined since the 2008 financial crisis. Normally, Treasurys have served as a hedge against stock-market risks because bond prices typically rise (and yields fall) as stock prices decline. That property has made them far more attractive for investors to own than would otherwise be the case, and any breakdown in that hedging property could be worrisome for the U.S. because it would mean one reason fewer for investors to own Treasurys. In a world where the U.S. isn't viewed as a dependable partner, it makes sense for foreign investors to gradually diversify their holdings toward Swiss francs, gold, Japanese yen or euros, some analysts said. ""The longer this goes on, the more likely it is that we become less of a reserve currency than we have been. And that could start being quite expensive,"" said Eric Rosengren, who served as president of the Boston Fed from 2007 to 2021.","Foreign investors becoming unsettled by prospect of a far-more-transactional approach to trade and currency policy, together with a preference for lower interest rates and higher budget deficits. || Concerns about higher budget deficits, pressure on the Fed to cut interest rates, and foreign-investor wariness about U.S. debt. || U.S. not viewed as a dependable partner.","Gradual diversification of holdings toward Swiss francs, gold, Japanese yen or euros. || Widening spread between short-term and long-term rates on Treasurys, which could be beneficial for gold prices. || Increased demand for safe-haven assets like gold.","Cause: Foreign investors becoming unsettled by prospect of a far-more-transactional approach to trade and currency policy, together with a preference for lower interest rates and higher budget deficits. --> Effect: Gradual diversification of holdings toward Swiss francs, gold, Japanese yen or euros. || Cause: Concerns about higher budget deficits, pressure on the Fed to cut interest rates, and foreign-investor wariness about U.S. debt. --> Effect: Widening spread between short-term and long-term rates on Treasurys, which could be beneficial for gold prices. || Cause: U.S. not viewed as a dependable partner. --> Effect: Increased demand for safe-haven assets like gold.",0.8042
J000000020250421el4l0001f,18 April 2025,UNKNOWN,"The Wall Street Journal J A14 English Copyright 2025 Dow Jones & Company, Inc. All Rights Reserved. President Trump's tariff war isn't going well, with market ructions and evidence of a slowing economy. So it was probably inevitable that Mr. Trump would demand that the Federal Reserve ride to his rescue by cutting interest rates. The President took to social media Thursday morning to blast Fed Chairman Jerome Powell with his familiar nuance. ""Jerome Powell of the Fed, who is always TOO LATE AND WRONG, yesterday issued a report which was another, and typical, complete 'mess!' Oil prices are down, groceries (even eggs!) are down, and the USA is getting RICH ON TARIFFS,"" Mr. Trump wrote. ""Too Late should have lowered Interest Rates, like the ECB [European Central Bank], long ago, but he should certainly lower them now. Powell's termination cannot come fast enough!"" Mr. Trump was reacting to Mr. Powell's remarks Wednesday that the President's tariffs complicate the Fed's job of maintaining stable prices with low unemployment. ""The level of the tariff increases announced so far is significantly larger than anticipated. The same is likely to be true of the economic effects, which will include higher inflation and slower growth,"" Mr. Powell told the Economic Club of Chicago. The problem for Mr. Trump is that Mr. Powell spoke the truth. Tariffs are a tax, which means higher prices for tariffed goods. Mr. Trump has imposed a minimum tariff on the world of 10%, which is roughly four times the previous average U.S. tariff rate of 2.4%. That will be at least a one-time increase in inflation for imported goods that will flow into the Labor Department's consumer-price data. The hard decision for the Fed is whether to look past that one-time increase and assume it won't become part of consumer inflation expectations. But there's also mounting evidence that household and business uncertainty is mounting, which will weigh on the private investment Mr. Trump needs to spur growth. Consumer spending could ebb as falling stock prices cause the ""wealth effect"" underpinning consumer confidence to go into reverse. Many economists think a recession is on the horizon. Mr. Trump is right that the Powell Fed has been wrong before. Its mistake in accommodating a gusher of federal pandemic spending with easier money contributed to the worst inflation since the 1970s. The Fed has been trying to claw back from that mistake, with some success. But the Fed hasn't reached its target inflation rate of 2%, so Mr. Powell is right to be wary of trying to offset the impact of tariffs by easing money too much or too soon. That was the mistake the Fed made in the 1970s after Richard Nixon suspended dollar convertibility to gold and blew up the Bretton Woods monetary system. Mr. Trump's tariff barrage is the biggest assault on the world trading system since the end of Bretton Woods. The world is also paying attention to Mr. Trump's call for the ""termination"" of Mr. Powell, whose term runs to May 2026. The President often talks in private of firing the Fed Chairman, who wouldn't go quietly. This would tee up a protracted legal fight, with market turmoil to match as investors awaited a Supreme Court ruling on the legality of dismissal. That's the last fight Mr. Trump needs now. If the President wants faster growth and less market turmoil, he can help by ending his tariff campaign. Then get Congress to move on a tax- and spending-cut bill, and press ahead with deregulation. The main lesson from Trump vs. Powell is that the central bank can't make up for the economic policy errors of politicians.",The President's tariff campaign and mounting economic uncertainty,"Increased gold demand due to safe-haven appeal, but no specific information on price impact or volatility","Cause: The President's tariff campaign and mounting economic uncertainty --> Effect: Increased gold demand due to safe-haven appeal, but no specific information on price impact or volatility",0.847
J000000020250418el4i00019,17 April 2025,"J000000020250418el4i00019
Dow Industrials Sink 700 Points --- Shares of Nvidia, AMD drop on new curbs on exports to China, Powell talk
Wednesday's Markets
Dow Industrials Sink 700 Points --- Shares of Nvidia, AMD drop on new curbs on exports to China,
Powell talk","The Wall Street Journal J B1 English Copyright 2025 Dow Jones & Company, Inc. All Rights Reserved. The trade war came for some of the biggest names in the semiconductor industry Wednesday, shaking investor confidence and ending this week's brief calm on stock markets. Shares of Nvidia, Advanced Micro Devices and other large chip companies fell initially as investors digested the announcement of new U.S. restrictions on exports to China. Selling accelerated after Federal Reserve Chair Jerome Powell warned that the central bank is limited in how much it can respond to cushion the economy. Nvidia, the third-largest U.S. company by market value, was one of the biggest losers on the S&P 500 index, declining 6.9%, while AMD dropped 7.4%. Losses in technology stocks, which drove the market rally last year, dragged the S&P 500 down 2.2%, the Dow Jones Industrial Average down 1.7%, or 700 points, and the Nasdaq Composite down 3.1%. ""Tech is at the epicenter -- the prior winners are taking the most pain"" said Robert Haworth, senior investment strategist at U.S. Bank. ""It shows there's still nervousness in the market. I hate to call a plus-two-percent decline in the S&P 500 normal but that seems to be the type of swings we're getting."" Nvidia warned late Tuesday that it will take a $5.5 billion charge after the U.S. said the company will need a license to export H20 processors to China and other countries. These less-powerful AI chips had been designed to comply with American export controls. The U.S. government confirmed the restrictions and said it had put similar curbs on AMD, which announced an $800 million charge from the policy. Trade conflict also is putting a squeeze on the Fed, Powell said in a speech at the Economic Club of Chicago. The central bank must balance dual aims of supporting job creation and keeping price inflation under control. Doing both is becoming harder because tariffs can be both inflationary and recessionary at the same time, potentially forcing the central bank to address one but not the other. ""The Fed did not provide any assurance that it would support the market by lowering rates,"" said Keith Lerner, co-chief investment officer at Truist Advisory Services. ""They are in wait-and-see mode and companies are in wait-and-see mode, and neither is great for financial markets."" Bond and commodity markets reflected uncertainty too over which way prices and the economy will move. Traditional inflation hedges rose on Wednesday with gold rising 3.4% to a record and Brent crude oil rising 1.8%. But the 10-year bond yield, which typically rises when inflation expectations climb, fell instead, by 0.046 percentage point to 4.276%. Commerce Department data released Wednesday suggested that U.S. consumers front-loaded purchases during March. Retail sales surged 1.4% last month as car buyers rushed to dealerships to get ahead of auto tariffs. The rise was even bigger than expected. In tech, another industry linchpin also rattled investors: ASML, whose huge, costly machines are needed to make the most-advanced chips, reported much-weaker-than-expected orders and warned about tariff-related disruption. Shares fell 5% in Amsterdam. Trade turmoil is also hitting one of the U.S.'s oldest industries: shipping. Shares of J.B. Hunt Transport Services lost 7.7% -- the worst performance in the S&P 500 -- after the company on Tuesday reported an 8% drop in net earnings in the first quarter. The company blamed slower demand from retailers caused by uncertainty over tariffs. Wall Street's fear gauge, the Cboe Volatility Index, jumped after falling for three trading days. The dollar, meanwhile, extended its stretch of weakness. Wrangling over tariffs continued, with state leaders in California moving to sue the Trump administration. And President Trump said he would join trade talks with a Japanese delegation. New data showed China was able to sustain its growth rate in the past quarter, helped by a surge of exports by U.S. importers in anticipation of new tariffs. Major indexes in Asia and Europe declined.","The US-China trade war and its uncertainty led to a 3.4% increase in gold prices, reaching a record high.",Traditional inflation hedges rose with gold rising 3.4%,"Cause: The US-China trade war and its uncertainty led to a 3.4% increase in gold prices, reaching a record high. --> Effect: Traditional inflation hedges rose with gold rising 3.4%",0.7975
J000000020250417el4h0001f,17 April 2025,"J000000020250417el4h0001f
U.S. News -- Capital Account: Fed Independence at Stake in Court Case
U.S. News -- Capital Account: Fed Independence at Stake in Court Case","The Wall Street Journal J A2 English Copyright 2025 Dow Jones & Company, Inc. All Rights Reserved. Investors are already fretting about the safety of the dollar and Treasury debt. The Supreme Court might be about to give them even more reason to worry. The court is about to take up a question that, while not directly about the Federal Reserve, could determine whether President Trump can fire the Fed chair. There's no indication the justices will give the president that authority. And if they did, Trump wouldn't necessarily sack Jerome Powell, whom he nominated to a term that began in 2018. But granting the president that power would effectively eviscerate the central bank's independence by making its seven governors, including the chair, at-will appointees of the president, like the Treasury secretary. Investors would henceforth conclude that monetary policy no longer solely reflects the Fed's judgment about inflation, employment and financial stability, but also the president's priorities. That could inject dramatically more uncertainty and volatility into financial markets. Recent weeks offer a taste of the potential consequences. Stocks, bonds and the dollar all gyrated as Trump imposed and then partially walked back tariffs. And as tariffs drove up expectations of inflation, Trump called on the ""slow-moving"" Fed to cut rates. Fed governors are nominated by the president and confirmed by the Senate to 14-year terms, with one serving a concurrent four-year term as chair. The Federal Reserve Act says they can only be fired for cause. Scholars believe the Supreme Court entrenched that principle in 1935, when it barred Franklin Roosevelt from firing members of the Federal Trade Commission for purely political reasons because they served a quasi-judicial role. But in February, the Trump administration said the court should overturn that precedent, dubbed Humphrey's Executor, for intruding on the president's control over the executive branch. Trump then forced the matter by firing a Democratic member of the National Labor Relations Board and a Democratic member of the Merit Systems Protection Board. Both sued, arguing the firings were illegal. Chief Justice John Roberts has let the firings stand while the court considers the dispute. He asked both sides to submit briefs by the end of Tuesday. The justices might first rule only on whether the plaintiffs should get their jobs back, and settle the merits of the case later. The court's conservative majority is known to look skeptically upon Humphrey's Executor. At a speech Wednesday, Powell said he didn't think the forthcoming decision would apply to the Fed. And there might be ways to contest the dismissal of the Fed chair without the 1935 precedent. Some of Trump's own officials appear wary of a fight. When the White House in February tightened oversight of independent agencies, it included the Fed's bank regulation but exempted its monetary policy. Some scholars think even if the justices overturn Humphrey's Executor, they will find a way to protect the Fed. If they don't, they would make the central bank a fundamentally different institution. Elected leaders are biased in favor of strong growth and low interest rates at the expense of inflation. Studies find that inflation is lower when central banks are independent. Independent central banks do make mistakes, as the Fed did in thinking inflation in 2021 would be transitory. And they aren't truly free from political influence: Richard Nixon pressured Chair Arthur Burns to keep rates low in the run-up to his re-election in 1972. And merely changing the status of the chair wouldn't change the mandate of the Fed, which is low inflation and full employment. Yet monetary policy involves countless judgment calls, and a chair worried about his or her job would be expected to skew those calls to protect it. When a president applied pressure in private, as Nixon did, he and he Fed chair could maintain the outward appearance of independence. But Trump isn't like other presidents. He rejects the very notion of independence and expects the entire federal apparatus to adhere to his priorities, whether punishing law firms that represent his opponents or deregulating cryptocurrency, a favorite of his base and his family. He makes his preferences public, often by social media. As such, any opinion Trump expresses would be quickly reflected in market pricing. If he calls for lower rates or a lower dollar, markets would conclude that the Fed will listen. The initial response might be for short-term bond yields to drop and stocks to rally. But investors would also expect higher inflation, which would push long-term bond yields higher. The Fed could try to suppress bond yields by keeping short-term rates low, or buying bonds (as bond prices rise, yields fall). But it ""wouldn't be able to suppress the inflation itself,"" said the Harvard University economist and former Fed governor Jeremy Stein. Fed officials go to pains to ground their decisions in objective data such as inflation, unemployment and financial prices so investors can infer how new information will affect monetary policy. ""If the independence of the Fed goes away, that thought process on the part of market participants becomes a lot more complicated because they need to factor in what the political situation demands,"" said David Wilcox, a former Fed economist affiliated with Bloomberg Economics and the Peterson Institute for International Economics. This is a treacherous time for the Fed to appear politicized. The Treasury has to issue trillions of dollars in new debt in coming years to finance the deficits in Republicans' coming budget. Investors will balk at buying that debt if they suspect a pliant Fed will let inflation erode its value. Some are already limiting exposure to the U.S., judging by the fall in the dollar and rise in gold prices and bond yields that have accompanied Trump's trade war. The Supreme Court routinely roils Americans' lives with their decisions. This one could roil the financial system.",Investors suspect a pliant Fed will let inflation erode Treasury debt value || Trump's trade war leads to fall of the dollar and rise in bond yields,"Investors limit exposure to the U.S., reflected in gold price rise || Some investors are already limiting exposure to the U.S., contributing to gold price increase","Cause: Investors suspect a pliant Fed will let inflation erode Treasury debt value --> Effect: Investors limit exposure to the U.S., reflected in gold price rise || Cause: Trump's trade war leads to fall of the dollar and rise in bond yields --> Effect: Some investors are already limiting exposure to the U.S., contributing to gold price increase",0.7896
J000000020250417el4h0001c,17 April 2025,"J000000020250417el4h0001c
We Should Measure Prices in Time
We Should Measure Prices in Time","The Wall Street Journal J A17 English Copyright 2025 Dow Jones & Company, Inc. All Rights Reserved. Ever since the U.S. abandoned the gold standard in 1971, we've been living in a mirage of unmoored money, marked by ""inflation,"" ""devaluation"" and a federal debt that now surpasses $36 trillion. Wall Street and Washington issue prophecies of inflationary doom and federal-debt disaster. At the same time, we've enjoyed technology's spectacular rise in recent decades. We read the news of our growing poverty and inequality on pocket-size Starlinked supercomputers, while humans frolic in outer space and artificial intelligence takes off in Silicon Valley and around the world. A clue to reconciling this divergence between economic data and technological advance comes from the world of business consulting. For decades, business advisory firms such as Boston Consulting Group and Bain & Co. have documented ""learning curves"" across a range of industries, from mining to microchips. These curves, which track performance improvements over time, demonstrate that real prices of goods and services tend to drop between 20% and 30% with every doubling of units sold. Going beyond economies of scale and efficiency, learning curves feed on growth of entrepreneurial knowledge, springing from improvements in every facet of production, design, marketing and management. Crucially, the curve extends to customers, who learn how to use a product better and multiply applications for it as it drops in price. With every new product launched across the economy, these learning curves imply that if the real economy is growing, most real prices -- that is, prices adjusted to account for inflation and purchasing power -- must be declining. How can the laws of enterprise and business consulting diverge so significantly from the accepted wisdom of economic analysis and political rhetoric? More baffling, how is it that products are becoming simultaneously more expensive and more affordable? This paradox is possible because while we buy things with money, we actually pay for them with our time -- not in dollars and cents but in hours and minutes of work. The consumer-price index tells us nothing about changes in affordability. To measure affordability, we must compare the prices of goods and services to hourly compensation (wages and benefits). We call the resulting ratio the time price. The original proponent of time prices was Yale economist and Nobel laureate William Nordhaus, who in the 1990s produced a paper showing that traditional economic data have understated progress in lighting technologies -- from whale oil to light-emitting diodes -- by a factor of thousands. At the same time, economic data fail to capture the rise in living standards made possible by these lighting innovations. Extending the Nordhaus insight across a range of consumer products and technologies, one of us (Mr. Pooley) and Cato Institute researcher Marian Tupy demonstrated in a book, ""Superabundance"" (2022), that similar innovations allowing manufacturers to produce goods more cheaply in less time since the Industrial Revolution have made nearly all goods and services drastically more affordable. The Industrial Revolution also brought about a tenfold rise in the global population and an explosion in new knowledge. The Nordhaus insight remains crucial today. To put the consumer-price index, or CPI, in context and measure actual affordability, we need a time-price index, or TPI. The CPI measures the purchasing power of a dollar. The TPI measures the purchasing power of an hour. According to the Bureau of Labor Statistics, between 2000 and 2024, the CPI increased by 82.2%, while hourly earnings for production and nonsupervisory employees (blue-collar workers) increased by 115.1%. Hourly compensation thus increased 40% faster than CPI. As long as hourly compensation outpaces the CPI, the TPI is decreasing. In this instance, the TPI decreased by 15.3%, meaning average goods and services became more affordable. One hour of time worked in 2024 would buy 18.1% more from the CPI basket of goods and services than in 2000. Unlike money prices, time prices are universal and unequivocal. Using money instead of time to make measurements was the original sin of establishment economics. Almost all other sciences root their ultimate measuring sticks in time. The metric system encompasses mass, distance, time, temperature, electrical current, brightness and moles of individual chemical elements. Except for the mole, all the other measures -- from the meter and kilogram to degrees Kelvin and amperes of electricity to the candela of luminosity -- are informed by time: the speed of light, meters per second. Time prices reconcile economics with this universal standard of measurement. Unlike money, time can't be counterfeited or inflated. We can calculate a time price on any product, at any time in history, in any place and with any currency. Time also provides perfect equality: We all get exactly the same amount, 24 hours in a day. Money is tokenized time. When all else becomes abundant, what remains scarce is our time -- minutes, hours, days and years. Time is the only resource that can't be recycled, stored, duplicated or recovered. When we run out of money, we're really running out of the time to earn more. If time prices decrease, it means that an hour of time now buys more products and services. Every month, the Bureau of Labor Statistics calculates average prices by tracking prices on around 80,000 specific products and services. The bureau reports the change in the CPI from the previous month and the previous 12 months. It also collects and reports information on hourly wage rates. The CPI tells us how much more expensive things are becoming. The TPI tells us how much more or less affordable they're becoming. To see our true standard of living, we must time-price the CPI. Plummeting time prices aren't tied to an expansion of material resources. As Thomas Sowell has explained, ""The Neanderthal in his cave had all the physical resources we have today."" The difference between our age and the Stone Age is the growth of knowledge, which enables us to use resources more creatively and effectively. Wealth is knowledge. Growth is knowledge that is increasing and being distributed throughout the economy over time. From these principles we can derive Pooley's law of superabundance: Time measures the growth of knowledge and wealth.  Mr. Gilder is author of ""Life After Capitalism: The Information Theory of Economics."" Mr. Pooley is a professor of economic history at Utah Tech University. Both are fellows at Discovery Institute in Seattle.",No mention of gold in the article,"No impact on gold prices, volatility, or demand","Cause: No mention of gold in the article --> Effect: No impact on gold prices, volatility, or demand",0.7899
J000000020250417el4h00009,15 April 2025,"J000000020250417el4h00009
Trump Throws Another Hail Mary
Global View
Trump Throws Another Hail Mary","The Wall Street Journal J A15 English Copyright 2025 Dow Jones & Company, Inc. All Rights Reserved. Three things can happen when you throw the ball, legendary Ohio State football coach Woody Hayes once warned, and two of them are bad. Few figures in world history like going deep more than President Trump, and now the world is watching to see what happens to his latest Hail Mary on trade. Mr. Trump, to be sure, is a certified miracle worker. In his first term he managed to turn dovish Democrats into flaming Russia hawks. Less than 100 days into his second term, he's already converted the Democrats into Milton Friedmanite free traders. Give him a third term, and the Democrats will demand a return to the gold standard. But even miraculous powers have their limits. When Mr. Trump left Washington in January 2021, many key goals remained unmet. There was no ""big, beautiful wall"" on the U.S. southern border, and the check from the Mexicans that was supposed to pay for everything was still lost in the mail. North Korea kept its nukes, Iran remained unbowed, Russia stayed surly, and American forces were still in Afghanistan. Now Mr. Trump has returned and is hurling one long pass after another. Threaten Canada with annexation. Launch a trade war with China. Negotiate a cease-fire between Russia and Ukraine. Claim Greenland. Call the North Atlantic Treaty Organization's future into question. Tariff virtually everything that moves. Then untariff, retariff and partially untariff again. Offer Israel unprecedented support. Offer Iran a new nuclear deal. The results have been mixed. There have been some real successes. The southern border is secure. The outreach to Panama produced a potential deal on port facilities there and elsewhere that put China on the back foot. More NATO allies are taking defense seriously and stepping up their commitments to Ukraine. The president has had more success getting the mullahs to the negotiating table in less than three months than President Biden had in four years. But not everything is going Mr. Trump's way. Russian missiles swarm the skies of Ukraine as Vladimir Putin responds to Washington's peace overtures with heightened aggression. Far from capitulating to Mr. Trump's trade offensive, Beijing is levying tariffs on American imports and restricting exports of critical raw materials. Houthi missiles streak across the Red Sea and toward Israel despite American airstrikes. Repeated shock waves roil global financial and goods markets as the president makes unpredictable changes to tariffs. Instability in the bond markets threatens to jack up U.S. interest rates at a moment of economic vulnerability. From Canada to Denmark, from Germany to Japan, America's closest and oldest allies wonder whether Washington still has their back and begin to lay plans for an unthinkable future. More dangerously, people are beginning to wonder whether there is a method in the madness, or if the chaos surrounding the White House reflects an absence of coherence and competence at the highest levels. Many critics of Team Trump's approach bemoan what they see as the collapse of American soft power. America's core advantage against powers like China and Russia, they argue, is our network of alliances, and these alliances depend on America's reputation for rules-based, pro-democracy and free-trade policies. To lose that reputation through shortsighted, rash actions is to throw away vital assets that took decades of diplomacy to acquire. They have a point, but so does Mr. Trump. Iron fists work better when sheathed in velvet gloves, but nothing is more useless than a velvet glove without an iron fist. America's failure to match the growth in Chinese and Russian hard power under President Barack Obama eroded the foundations of world peace even as Mr. Obama electrified European audiences with inspiring speeches. The comforting illusion that soft power is an effective substitute for hard power contributed materially to the generational failures in Western security policy that left the world system so dangerously and so unnecessarily exposed to the ambitions of the revisionists. The greatest danger to Mr. Trump's foreign policy is not that foreigners will dislike it. It is that it will fail, and this is where Woody Hayes's warning looms large. If enough of the president's Hail Mary passes yield touchdowns, he'll be cheered as a genius. If he throws mostly incompletes, he will be vociferously booed. And if he throws so many interceptions that his opponents run away with the game, he will be universally scorned. Despite all the talk about realism and restraint, Mr. Trump has adopted the most ambitious foreign-policy agenda of any American president since Harry S. Truman. Reshaping the global trading system, reasserting American supremacy in the Western Hemisphere, restoring America's hard power, and blunting China's drive for hegemony in the Indo-Pacific are big goals. Mr. Trump's confidence in his passing arm is enduring. The whole world is about to discover whether that faith is well-placed.",Global financial instability || Trade tensions and tariffs between US and China,Increased gold prices due to safe-haven demand || Volatility in gold prices as investors seek refuge,Cause: Global financial instability --> Effect: Increased gold prices due to safe-haven demand || Cause: Trade tensions and tariffs between US and China --> Effect: Volatility in gold prices as investors seek refuge,0.8658
J000000020250415el4f0000l,12 April 2025,"J000000020250415el4f0000l
Stocks' Wild Week Ends in the Green
Stocks' Wild Week Ends in the Green","The Wall Street Journal J A1 English Copyright 2025 Dow Jones & Company, Inc. All Rights Reserved. The biggest one-day rally since the financial crisis. The most volatile stretch since the Covid meltdown. A bond selloff that sent yields surging. A steep slide in the dollar. And rattled investors driving gold to new records. Yet one of the most tumultuous weeks in years for financial markets ended with all three major U.S. indexes up 5% or more. For Wall Street, it was a bruising run. Traders described scenes of tension, where the rapid surges and dives made it difficult to determine the prices of various investments. And the sheer violence of the moves left many exhausted and bracing for more trouble ahead. With the Dow Jones Industrial Average ending Friday on a 600-plus-point gain, Jed Ellerbroek, portfolio manager at Argent Capital Management in St. Louis, said the declines earlier this week and last had clients calling to ask whether or not to buy more shares. Meanwhile, he grew concerned watching individual investors pumping more money than usual into big stock funds. Such investors might be expecting a scenario like 2020's Covid crash, which was short-lived and led to an epic rally. They might have forgotten how stocks fell more than 50% in the 2008 crash and took years to recoup the losses, Ellerbroek said. ""That leaves me feeling like this downturn probably has more to go,"" he said. The S&P 500 rose 1.8% on Friday, to end the week up 5.7%. The tech heavy Nasdaq Composite increased 2.1%, for a weekly gain of 7.3%. The blue-chip Dow added 1.6% Friday to lift its weekly rise to 5%. All three indexes remain below where they were trading when President Trump launched his tariff blitz last week from the White House Rose Garden. All three are down on the year. The volatility began last week after Trump, a Republican, shocked investors, economists, business leaders and trade partners with a barrage of tariffs that were far steeper than expected. A four-day selloff ensued, but it was Wednesday when the wild ride peaked. A sharp climb in Treasury yields was alarming investors ahead of the opening bell when Trump took to social media to say that it was ""a great time to buy."" By the day's end, U.S. stocks had staged a historic rally after another online post from the president announced a 90-day pause on some tariffs and signaled a willingness to negotiate on trade. The result was a surge so extreme that investors said it echoed prior incidents in which stocks rallied sharply in times of stress, only to tumble to steeper losses. The Nasdaq gained more than 12% Wednesday for its biggest climb since January 2001, during a short-lived bounce in the dot.com bust. The S&P 500 added 9.5% for its best day since October 2008. The Dow's 7.9% climb on Wednesday was its biggest daily gain in percentage terms since March 2020, when traders bid up shares before that April's collapse. Much of Wednesday's gains were reversed Thursday as Trump further escalated economic conflict with China and it became clear on Wall Street that the trade war was far from over. Friday also began on a down note, after the University of Michigan's closely watched gauge of consumer sentiment nosedived from last month to register one of the weakest readings of the past decade on concerns about trade, employment and inflation. But the declines didn't last long. Solid first-quarter earnings from some of the country's largest financial firms, including Morgan Stanley, JPMorgan Chase and BlackRock offered a tailwind even as their executives warned that Trump's trade restrictions put the economy at risk. JPMorgan shares rose 4%. BlackRock and Morgan Stanley gained 2.3% and 1.4%, respectively. Rising bond yields left investors newly worried about the country's federal budget deficit, its dependence on foreign funding, and its growing reliance on hedge funds, who have bought U.S. Treasurys with large amounts of debt. All of these challenges contributed to a selloff in Treasurys that only modestly slowed after Trump's announcement. The yield on the 10-year Treasury, a key reference for borrowing costs throughout the economy, posted its biggest one-week surge since November 2001 -- climbing half a percentage point to just under 4.5%. The yield on the 30-year bond had its sharpest weekly climb since April 1987, ending Friday at 4.873%. The sight of stock and bond prices falling sharply in unison unnerved many investors, raising fears of a potential breakdown in the normal functioning of Treasurys which are typically a haven in turbulent markets. As prices of Treasurys plunged so too did the value of the dollar, with traders favoring other currencies such as the euro. Foreign central banks hold dollars in part because they like investing in Treasurys, which are typically easier to buy and sell than the bonds issued by other governments. Many investors sought refuge instead in gold. Futures rose 2.1% to settle at a new all-time high of $3,222.20 a troy ounce, lifting mining stocks. Freeport-McMoRan added 6.4%. Newmont climbed 7.9% on Friday for a weekly gain of 24%. Prices for oil, copper and other commodities also increased Friday, though they have been as volatile as stocks lately. Benchmark U.S. oil futures added $1.43 a barrel Friday to settle at $61.50. That is down 0.8% on the week but 14% lower this month.","Rising bond yields left investors newly worried about the country's federal budget deficit, its dependence on foreign funding, and its growing reliance on hedge funds. || The sight of stock and bond prices falling sharply in unison unnerved many investors, raising fears of a potential breakdown in the normal functioning of Treasurys which are typically a haven in turbulent markets.",Investors sought refuge instead in gold. || Many investors sought refuge instead in gold.,"Cause: Rising bond yields left investors newly worried about the country's federal budget deficit, its dependence on foreign funding, and its growing reliance on hedge funds. --> Effect: Investors sought refuge instead in gold. || Cause: The sight of stock and bond prices falling sharply in unison unnerved many investors, raising fears of a potential breakdown in the normal functioning of Treasurys which are typically a haven in turbulent markets. --> Effect: Many investors sought refuge instead in gold.",0.7513
J000000020250412el4c0002u,12 April 2025,"J000000020250412el4c0002u
OFF DUTY --- Eating & Drinking: How Butter Got Better --- Not long ago, supermarket butter options were fairly pedestrian. The choices have...
OFF DUTY --- Eating & Drinking: How Butter Got Better --- Not long ago, supermarket butter options
were fairly pedestrian. The choices have since proliferated, and the quality is off the charts. Here, a
guide to the revolution in good butter -- an accessible luxury, even as tariffs loom.","The Wall Street Journal J D1 English Copyright 2025 Dow Jones & Company, Inc. All Rights Reserved. In 2001, Vermont dairy farmer Diane St. Clair sent a Ziploc bag of hand-churned butter across the country to Thomas Keller at the French Laundry, his seminal restaurant in California's Napa Valley. At the time, St. Clair was selling her flavorful, labor-intensive, European-style butter for $4 a pound at her local market under the Animal Farm Creamery label and was about to go belly-up. ""Her lush, creamy, canary-yellow butter changed the way I viewed butter permanently,"" Keller said. ""It was truly the most extraordinary one I had ever tasted. I ordered every ounce she had in stock, and it has remained on my menu ever since."" Animal Farm butter now retails for $60 a pound. Fans of the TV series ""The Bear"" may recall the obsessive chef Carmy spending $11,268 to get it for his fledgling restaurant in season 3. But the fever for European-style butter is hardly limited to top-tier chefs. In the U.S. today, supermarket butter cases offer a giddy proliferation of options. Imports from France, Ireland, Denmark and Finland mingle with mass-produced domestic butters labeled ""European-style,"" and, often, local artisan butters. A butter boom has been building steadily for a couple of decades, with U.S. butter consumption jumping from 4.5 pounds per capita in 2003 to 6.5 pounds in 2023 (the most recent year for which U.S. Department of Agriculture data is available). As planned tariffs threaten to spike prices, now is a great time to consider what makes a quality butter worth buying and determine how to get the most out of the investment. When St. Clair began making butter in the 1990s, most U.S. supermarkets sold mass-produced ""sweet cream"" butter. Significantly lower in butterfat than European butters, this smooth, neutral-tasting product was machine-churned from fresh cream. St. Clair sought something with more character. ""I had to buy books from the late 1800s to learn how butter had been made before it became a mass-produced item,"" she recalled. She also bought Jersey cows, which provide ""the highest butterfat of all milking cows."" In 2022 she sold her dairy business to neighbors Hilary and Ben Haigh of Rolling Bale Farm, who still care for her Jersey herd and make Animal Farm butter just as St. Clair painstakingly instructed them to, consistently yielding a butterfat content of 87%. That falls comfortably within the 82-90% butterfat required of EU makers, whereas the USDA dictates a meager minimum of 80%. Like European and other European-style butters, Animal Farm's is made with cultured milk -- a preservation technique that predates refrigeration and produces a delicious lactic-acid tang and a notably complex flavor. The celebrated French butter-maker Jean-Yves Bordier has discovered that a little massage doesn't hurt, either. In 1985, when Bordier bought a creamery in the town of Saint Malo, on Brittany's coast, he found a butter-kneading machine akin to one his grandparents used and quickly realized that kneading butter yields a luxuriously dense consistency and a far richer flavor. Spread out in a kneader, the butter oxygenates, and its aromas blossom. Bordier likens this alchemy to letting a complex red wine breathe. Today, Bordier's is the butter that French-trained, U.S.-based chefs Daniel Boulud and Jean-Georges Vongerichten seek out. Julie Sugliani, a senior manager at Maison Bordier, reports ""spectacular"" U.S. sales -- especially given that the company doesn't advertise. A 4.4-ounce bar currently goes for around $15. Long ""obsessed"" by Bordier, American cheesemaker Marisa Mauro bought a 50-acre hilltop farm in Mad River Valley, Vt., in 2012 and began making hand-churned, hand-kneaded cultured butter under the label Ploughgate Creamery. Today, it's sold in shops from Vermont to Alaska. At the Manhattan restaurant Frenchette, it comes to the table in a broad, rustic slab, ""on the cool side of room temperature, not quite soft,"" said co-chef Riad Nasr. At sister establishment Frenchette Bakery, Ploughgate butter stars in the jambon beurre sandwich, and 4-ounce bars are available for purchase at a price of $8.50 -- for now. ""The dairy industries both in the U.S. and abroad are very anxious as impending tariffs stress their already lean business models,"" said Matthew Rubiner of Rubiner's Cheesemongers in Great Barrington, Mass. He imports 11-pound wooden vessels of Rodolphe Le Meunier butter from France, and slices it to order, currently charging $30 a pound. It's the only butter he sells, but he's monitoring the price of domestic products too. ""The closer you get to the Canadian border, the more complicated it becomes,"" Rubiner explained. American butter-makers often source cream from Canadian dairies and cattle feed from Canadian producers. ""What this means is, while the price of imported butter might well skyrocket, so could that of American-made butter."" The happy news? A little of the good stuff goes a long way. Savor artisanal butter on a slice of bread, as you would a great cheese or tranche of foie gras. Mix imported and European-style supermarket butters with herbs to make compound butters that elevate everything from steaks to omelets. The best way to understand a good butter? Place a sliver on your tongue and let it melt. Don't rush this small indulgence. Allow the flavor to develop and relish every nuance.  Use Your Investment Wisely A good butter can stand on its own. But to fully exploit this ingredient's flavor potential, chefs put the following delicious spins on it. Easy to make, compound butters let you add a luxurious finishing touch to so many dishes. Herbaceous versions burst with flavor that complements savory meat, fish or poultry. Consider a compound butter, too, on top of an omelet, or one with cinnamon sugar or maple syrup to melt over pancakes, French toast and biscuits. The basic recipe: Mix room-temperature butter thoroughly with flavorful additions, roll into a log, wrap in parchment paper, twist tightly at the ends and refrigerate until firm. Just before serving, place a 1/4- to 1/2-inch-thick slice of cold compound butter atop a hot dish and unleash its richness and flavor. Compound butters last a week in the refrigerator and 3 months frozen -- your insurance policy against dull meals. A Garlicky Compound Butter for Steak: Mix 6 tablespoons room-temperature salted butter with 2 finely grated garlic cloves, 1 tablespoon minced parsley, 1 teaspoon minced rosemary, 1 teaspoon minced thyme, zest of half a lemon, and salt and freshly ground black pepper to taste. A French-Style Compound Butter for Chicken: Mix 6 tablespoons room-temperature salted butter with 1 tablespoon minced tarragon, 2 teaspoons minced shallots, the zest of half a lemon, salt and freshly ground white pepper to taste. A Punchy Compound Butter for Fish: Mix 6 tablespoons room temperature salted butter with 1 tablespoon minced chives, 1 tablespoon minced parsley and 2 teaspoons minced shallots. A Savory-Sweet Compound Butter for Pork: Mix 6 tablespoons room temperature unsalted butter with 2 teaspoons minced ginger root, 2 minced cloves of garlic, 1 tablespoon maple syrup and 1 teaspoon soy sauce. A Citrus-Maple Compound Butter for Pancakes and French Toast: Mix 6 tablespoons room temperature lightly salted butter with 3 tablespoons maple syrup, the zest of an organic orange and 1/4 teaspoon ground cinnamon. An Herbal Compound Butter for Omelets: Mix 6 tablespoons room temperature lightly salted butter with 3 tablespoons of a combination of minced parsley, chives, tarragon and chervil. A Mexican-Style Compound Butter for Grilled Corn: Mix 6 tablespoons room-temperature salted butter with 1 teaspoon achiote powder or paste, the zest and juice of 2 limes, and 1 tablespoon minced cilantro.  Other Essentials Brown Butter (Beurre Noisette): Chop unsalted butter into large chunks and melt in a frying pan over low heat. Increase heat to medium and bring to a lively simmer, stirring. Watch it foam and subside, then begin to color. When it is a deep golden brown, remove from heat. Use the butter and also the flavorful brown bits on the bottom of the pan to bring a surprising umami depth to everything from chocolate-chip cookies to layer cakes. Add a handful of sage leaves as the butter simmers, and you have a very nice sauce for squash ravioli. An Emulsion to Toss With Pasta: Melt 6 tablespoons salted butter in a 9-inch skillet over low heat. Increase heat to medium and add 1/4 cup boiling salted water left from cooking pasta. Simmer, whisking, 2 minutes. If you like, add garlic as the butter melts. Jam Butter: Mix 6 tablespoons room-temperature unsalted butter with 6 tablespoons jam or marmalade. Lavish on popovers, hot biscuits or toast.  The Best Butters to Buy From superlative special-occasion sticks to kitchen workhorses, here's a list of butters to suit most purposes. All are available nationally -- some at supermarkets, others online or at your local cheesemonger. The high-end British and French butters included here are for savoring when a small splurge is in order, perhaps on good bread without anything to mask their luxurious flavor and texture. For a delicious, creamy, midprice French butter, a good choice we didn't have room to include below is Isigny Sainte Mere, available in good supermarkets in most states; on the list you'll find mass-produced imports from Denmark, Ireland and Finland. For a European-style, higher-butterfat option at a reasonable price, try Plugra and Vermont Creamery, both American made. For an American artisan butter that's widely available, there's Ploughgate Creamery, but it's also worth seeking out local artisan butters in your city's cheese stores, gourmet markets and farmers' markets. Butter freezes well, wrapped in parchment or plastic, then sealed in freezer bags, for at least three months. In the fridge, keep butter covered so it doesn't absorb odors. Cultured butters keep well at room temperature, too, if covered and kept away from the heat of the stove and direct sunlight. For serving, a cool room temperature is best. Rodolphe Le Meunier Beurre de Barratte Sale Le Meunier received France's most prestigious craftsmanship honor, Meilleur Ouvrier de France, and for good reason. This butter is made from Norman cream, allowed to ferment for several hours to acquire the sought-after lactic-acid tang only cultured butters have, and churned and molded by hand. $15 for 9 ounces Le Beurre Bordier Demi-Sel Kneading gives Bordier butters their unparalleled smoothness and density and lets the butter oxygenate so its flavors bloom. This butter is creamy and nuanced with both subtle savory and sweet notes. In the yuzu version, the citrus is added during the kneading process, so a small amount infuses the butter wholly without overpowering it. $15 for 4.5 ounces Finlandia Imported Salted Butter Mass-produced in Finland from the cream of pasture-fed cows, this butter has an almost nutty sweetness to it. The company emphasizes its commitment to sustainability and animal welfare -- at a price and a production volume that makes this butter easy to find in supermarkets and a solid kitchen staple. $5 for 8 ounces Kerrygold Pure Irish Butter Salted Known for its yellow hue and slightly grassy flavor, Kerrygold is made in Ireland from the cream of grass-fed cows. It's a great all-purpose butter to stock: easy to find, at a good price, with a delicious 82-83% butterfat that gives it a creamy texture great for baking everything from pie crusts to shortbread, as well as in cooked dishes. $5 for 8 ounces Plugra Premium European Style Salted Butter Favored by pastry chefs, this 82% butterfat, American-made butter is slow-churned, which is credited for its smoothness. Creamy and mild, widely available and well-priced, it's a go-to for butter cookies, shortbread, pie crusts, icing and toast with jam, when you want richness but no noticeable tang or grassiness. $5 for 8 ounces Lurpak Salted Butter Also available in a Slightly Salted version, Lurpak is remarkably versatile. This Danish cultured butter has a lovely whiff of lactic acid, a slightly grassy aroma and just enough salt to make it interesting but still good with jam. Like Finlandia, it's mass-produced, but the company has made quantifiable strides in sustainability. $10 for 8 ounces Vermont Creamery Cultured Butter With Sea Salt Allowed to ferment overnight, Vermont Creamery butter is thick, a little tangy, a little nutty and contains 82% butterfat. This butter was created by cheesemakers and reflects their attention to craft and good farming in its flavor. It happens to pair well with cheese and is a great option for making compound butter. $5 for 8 ounces Devon Cream Company Creamy British Butter Lightly Salted Devon, in the lush southwest of England, is known for producing some of the very best cream in the world. So it is perhaps no wonder that this Devonshire butter is exceptionally creamy and pliable -- the ideal match for scones and hot biscuits. Wrapped in gold foil, it makes a great gift for fellow butter-lovers. $14 for 8 ounces Ploughgate Creamery Cultured Unsalted Butter This American artisan cultured butter from the cream of grass-fed cows has a wonderful intensity of flavor. Great on a baguette, it also has the character to stand up to sourdough, rye, spelt or walnut bread. Try Ploughgate's flavored butters to add an easy last-minute flavor boost to all sorts of dishes. $15 for 8 ounces Les Pres Sales Beurre au Gros Sel Marin de Camargue With cream from the Belgian Ardennes plateau and sea-salt crystals from the Camargue region of France's Rhone delta, this butter is an absolute pleasure to eat. The crystals briefly retain their subtle crunch before dissolving on the tongue, surprising the palate and accentuating the creaminess of the butter. $4 for 9 ounces","Kerrygold Pure Irish Butter Salted Known for its yellow hue and slightly grassy flavor, Kerrygold is made in Ireland from the cream of grass-fed cows. || Finlandia Imported Salted Butter Mass-produced in Finland from the cream of pasture-fed cows...",increased demand and price || lowered demand and price due to increased competition,"Cause: Kerrygold Pure Irish Butter Salted Known for its yellow hue and slightly grassy flavor, Kerrygold is made in Ireland from the cream of grass-fed cows. --> Effect: increased demand and price || Cause: Finlandia Imported Salted Butter Mass-produced in Finland from the cream of pasture-fed cows... --> Effect: lowered demand and price due to increased competition",0.6125
